Order_ID,Category,Product,Qty/Pack,Base_Price (₹),Manufacture_Date,Expiry_Date,Storage_Type,Storage_Cost (₹/unit/day),Transport_Mode,Distance_km,Transport_Cost (₹),LeadTime_Company_to_Shop,LeadTime_Shop_to_Customer,Distributor_ID,Retailer_ID,Stock_Level,Demand (units/week),Discount (%),Revenue (₹),Profit (₹)
1,Snacks,Cookies (Digestive),250g,60,2025-06-01,2026-02-26,Ambient,0.25,Truck,97,847.17,2,2,6,34,121,208,0,12480,11602.58
2,Staples,Toor Dal,1kg,140,2025-06-02,2026-06-02,Ambient,0.14,Van,92,552.1,6,0,10,35,409,171,10,21546,20936.64
3,Staples,Toor Dal,1kg,140,2025-06-03,2026-06-03,Ambient,0.49,Van,162,913.2,4,1,1,30,241,296,0,41440,40408.71
4,Dairy,Milk Powder,500g,250,2025-01-29,2026-01-29,Ambient,0.31,Cold Storage Truck,93,1065.42,4,2,4,11,108,189,15,40162.5,39063.6
5,Dairy,Milk (Tetra Pack),1L,60,2025-06-16,2025-12-13,Ambient,0.28,Truck,179,1874.76,1,2,6,21,413,74,15,3774,1783.6
6,Bakery,Donuts (Packed),120g,60,2025-01-31,2025-02-05,Ambient,0.44,Bike,139,325.41,1,1,6,47,216,293,15,14943,14522.55
7,Snacks,Potato Chips,52g,20,2025-06-08,2025-12-05,Ambient,0.42,Bike,13,26.42,4,2,1,44,435,111,10,1998,1788.88
8,Dairy,Condensed Milk,400g,120,2025-02-23,2026-02-23,Ambient,0.34,Cold Storage Truck,12,122.06,2,1,9,34,255,100,15,10200,9991.24
9,Snacks,Nachos,150g,90,2025-06-22,2025-12-19,Ambient,0.27,Cold Storage Truck,58,738.55,2,1,2,36,359,210,5,17955,17119.52
10,Bakery,Khari Puff (Packed),200g,80,2025-02-25,2025-04-26,Ambient,0.26,Truck,18,196.36,1,1,7,3,320,234,15,15912,15632.44
11,Beverages,Energy Drink,250ml,125,2025-04-15,2026-04-15,Ambient,0.23,Van,86,569.24,4,0,6,39,329,236,15,25075,24430.09
12,Staples,Sugar,1kg,45,2025-04-08,2027-04-08,Ambient,0.16,Cold Storage Truck,19,205.7,1,2,6,29,394,28,15,1071,802.26
13,Staples,Sugar,1kg,45,2025-01-27,2027-01-27,Ambient,0.43,Cold Storage Truck,85,1152.32,2,0,3,37,468,280,5,11970,10616.44
14,Staples,Masala Powder (Packed),100g,60,2025-06-18,2026-06-18,Ambient,0.47,Van,76,482.47,6,0,8,19,82,67,10,3618,3096.99
15,Snacks,Instant Noodles,70g,15,2025-02-26,2025-11-23,Ambient,0.39,Cold Storage Truck,108,1228.35,6,2,8,27,84,246,0,3690,2428.89
16,Bakery,Packaged Cake,180g,80,2025-03-06,2025-06-04,Ambient,0.4,Bike,146,436.19,2,1,2,26,442,226,10,16272,15659.01
17,Frozen,Frozen Fish Fillets,500g,280,2025-05-07,2026-05-07,Frozen,1.6,Truck,183,1487.01,5,1,4,32,280,260,15,61880,59944.99
18,Bakery,Packaged Cake,180g,80,2025-04-18,2025-07-17,Ambient,0.16,Cold Storage Truck,147,2025.33,3,2,1,9,85,32,15,2176,137.07
19,Staples,Coffee Powder,200g,180,2025-02-06,2026-02-06,Ambient,0.16,Bike,70,227.41,4,1,4,46,111,153,15,23409,23163.83
20,Snacks,Packaged Namkeen (Mixture),200g,60,2025-06-29,2026-03-26,Ambient,0.45,Van,132,979.75,1,0,10,16,397,250,5,14250,13091.6
21,Beverages,Soft Drink,750ml,40,2025-03-07,2025-09-03,Ambient,0.19,Cold Storage Truck,194,1940.5,6,2,4,23,282,278,10,10008,8013.92
22,Staples,Rice (Basmati),5kg,550,2025-06-15,2026-06-15,Ambient,0.27,Van,169,1196.07,3,1,10,29,283,191,15,89292.5,88020.02
23,Snacks,Nachos,150g,90,2025-01-26,2025-07-25,Ambient,0.19,Cold Storage Truck,184,2174.54,6,2,5,46,491,71,15,5431.5,3163.67
24,Beverages,Green Tea (Tetrapack),250ml,45,2025-04-24,2025-10-21,Ambient,0.3,Bike,117,268.65,1,1,7,26,489,100,10,4050,3634.65
25,Beverages,Packaged Juice,1L,120,2025-05-09,2025-11-05,Ambient,0.3,Bike,58,119.83,3,1,7,27,273,244,0,29280,29078.27
26,Snacks,Chocolate Bar,40g,40,2025-01-31,2025-10-28,Ambient,0.16,Bike,176,509.62,3,2,6,48,247,266,15,9044,8494.86
27,Dairy,Milk Powder,500g,250,2025-05-29,2026-05-29,Ambient,0.2,Truck,42,397.79,6,2,10,31,421,117,5,27787.5,27305.51
28,Dairy,Cheese Slices,200g,130,2025-04-11,2025-10-08,Refrigerated,2.54,Truck,148,1678.5,5,2,5,27,173,206,5,25441,23323.08
29,Frozen,Frozen Sweet Corn,500g,110,2025-03-22,2026-03-22,Frozen,1.98,Van,191,1081.2,4,0,1,35,395,166,15,15521,13657.7
30,Staples,Moong Dal,1kg,130,2025-06-22,2026-06-22,Ambient,0.38,Bike,132,400.69,4,0,6,41,409,148,10,17316,16759.89
31,Dairy,Cheese Slices,200g,130,2025-05-12,2025-11-08,Refrigerated,0.78,Bike,155,477.85,4,1,3,24,347,118,10,13806,13057.49
32,Staples,Coffee Powder,200g,180,2025-02-12,2026-02-12,Ambient,0.49,Van,64,370.08,5,0,10,18,434,273,15,41769,41186.26
33,Snacks,Packaged Namkeen (Mixture),200g,60,2025-03-04,2025-11-29,Ambient,0.45,Cold Storage Truck,13,148.13,4,1,7,33,196,227,10,12258,12021.67
34,Frozen,Ice Cream (Family Pack),1L,250,2025-04-08,2026-01-03,Frozen,2.45,Cold Storage Truck,156,2223.72,6,2,5,10,162,123,15,26137.5,23516.88
35,Beverages,Coconut Water (Packed),200ml,40,2025-04-02,2025-06-01,Ambient,0.25,Truck,103,1225.15,3,0,4,30,451,213,5,8094,6756.1
36,Frozen,Frozen Chicken Nuggets,750g,320,2025-01-09,2026-01-09,Frozen,1.06,Van,165,833.95,4,2,7,2,447,296,15,80512,79204.23
37,Snacks,Chocolate Bar,40g,40,2025-07-06,2026-04-02,Ambient,0.39,Van,132,885.05,6,1,5,40,492,41,5,1558,481.07
38,Bakery,Rusk / Toast Biscuits,200g,50,2025-01-28,2025-07-27,Ambient,0.49,Bike,55,208.13,5,1,10,34,332,46,5,2185,1814.19
39,Frozen,Frozen Peas,500g,120,2025-02-23,2026-02-23,Frozen,2.11,Truck,115,1146.56,3,0,8,50,366,166,15,16932,15013.18
40,Staples,Toor Dal,1kg,140,2025-04-05,2026-04-05,Ambient,0.12,Bike,176,683.04,4,0,6,3,95,25,10,3150,2455.56
41,Frozen,French Fries,1kg,220,2025-01-21,2026-01-21,Frozen,2.88,Cold Storage Truck,97,1177.67,4,0,5,40,230,114,10,22572,20731.93
42,Snacks,Chocolate Bar,40g,40,2025-07-19,2026-04-15,Ambient,0.13,Bike,164,607.17,1,1,4,49,305,147,5,5586,4939.18
43,Bakery,Khari Puff (Packed),200g,80,2025-03-28,2025-05-27,Ambient,0.47,Cold Storage Truck,62,908.31,6,2,6,27,223,299,5,22724,21710.88
44,Bakery,Donuts (Packed),120g,60,2025-06-17,2025-06-22,Ambient,0.16,Bike,159,411.9,1,2,3,35,322,123,0,7380,6916.58
45,Staples,Tea Powder,250g,150,2025-06-02,2026-06-02,Ambient,0.38,Bike,43,111.25,2,0,2,33,296,45,10,6075,5851.27
46,Beverages,Energy Drink,250ml,125,2025-01-31,2026-01-31,Ambient,0.34,Cold Storage Truck,64,803.63,4,0,6,20,362,55,0,6875,5948.29
47,Staples,Moong Dal,1kg,130,2025-06-29,2026-06-29,Ambient,0.13,Cold Storage Truck,148,1517.57,2,1,5,10,420,162,15,17901,16328.83
48,Beverages,Energy Drink,250ml,125,2025-05-02,2026-05-02,Ambient,0.28,Cold Storage Truck,195,1985.04,6,0,8,33,202,205,10,23062.5,21020.9
49,Snacks,Nachos,150g,90,2025-01-13,2025-07-12,Ambient,0.44,Bike,62,127.78,6,2,9,37,229,189,5,16159.5,15930.96
50,Beverages,Bottled Water,1L,20,2025-05-30,2026-05-30,Ambient,0.15,Van,12,87.72,4,1,6,43,157,24,10,432,320.73
51,Beverages,Cold Coffee (Can),180ml,45,2025-01-04,2025-05-04,Ambient,0.12,Truck,120,1157.45,2,1,7,44,404,163,0,7335,6129.07
52,Snacks,Popcorn (Microwave Pack),100g,40,2025-06-27,2026-03-24,Ambient,0.23,Bike,149,416.85,2,0,5,49,324,111,5,4218,3726.63
53,Beverages,Cold Coffee (Can),180ml,45,2025-04-19,2025-08-17,Ambient,0.17,Van,66,495.52,2,0,8,9,442,148,5,6327,5756.34
54,Staples,Tea Powder,250g,150,2025-03-07,2026-03-07,Ambient,0.28,Van,100,664.77,5,0,4,50,97,108,15,13770,13078.07
55,Bakery,Buns & Rolls,200g,25,2025-06-15,2025-06-20,Ambient,0.36,Van,193,1392.24,5,2,5,18,496,88,5,2090,519.2
56,Staples,Tea Powder,250g,150,2025-03-15,2026-03-15,Ambient,0.12,Bike,158,428.49,6,0,3,38,135,204,0,30600,30155.31
57,Snacks,Packaged Namkeen (Mixture),200g,60,2025-03-04,2025-11-29,Ambient,0.14,Van,98,741.51,5,2,2,1,253,237,5,13509,12732.07
58,Snacks,Packaged Namkeen (Mixture),200g,60,2025-04-27,2026-01-22,Ambient,0.24,Van,105,650.53,4,1,9,10,59,265,0,15900,15235.31
59,Dairy,Flavored Milk,200ml,35,2025-02-17,2025-06-17,Ambient,0.2,Truck,142,1491.49,5,0,2,14,491,115,0,4025,2435.31
60,Bakery,Bread (Brown),400g,45,2025-07-17,2025-07-22,Ambient,0.17,Truck,28,329.72,4,1,1,15,307,179,10,7249.5,6867.59
61,Staples,Cooking Oil (Sunflower),1L,170,2025-03-21,2026-03-21,Ambient,0.33,Truck,37,363.82,3,0,2,38,228,120,15,17340,16900.94
62,Beverages,Milkshake (Chocolate),200ml,35,2025-07-20,2025-11-17,Ambient,0.48,Cold Storage Truck,78,860.61,6,1,5,17,334,31,10,976.5,-44.43
63,Dairy,Probiotic Drink,65ml x 5 pack,80,2025-07-17,2025-08-16,Refrigerated,0.6,Van,39,234.38,2,1,10,35,139,283,0,22640,22322.22
64,Staples,Coffee Powder,200g,180,2025-02-14,2026-02-14,Ambient,0.11,Truck,166,1501.1,5,1,1,1,440,215,5,36765,35215.5
65,Frozen,Ready-to-eat Pizza,400g,150,2025-06-20,2026-06-20,Frozen,2.07,Van,161,823.93,1,1,10,3,266,296,0,44400,43025.45
66,Snacks,Instant Noodles,70g,15,2025-04-24,2026-01-19,Ambient,0.27,Cold Storage Truck,156,2189.33,4,1,7,18,226,118,15,1504.5,-745.85
67,Snacks,Instant Noodles,70g,15,2025-04-23,2026-01-18,Ambient,0.2,Bike,100,268.16,4,0,9,37,239,243,0,3645,3329.04
68,Beverages,Lassi (Sweet),200ml,30,2025-01-20,2025-02-19,Refrigerated,2.2,Cold Storage Truck,27,371.86,6,0,1,21,410,292,0,8760,7486.14
69,Staples,Salt (Iodized),1kg,25,2025-07-03,2027-07-03,Ambient,0.23,Van,191,1012.29,4,0,8,24,149,252,10,5670,4623.44
70,Frozen,French Fries,1kg,220,2025-01-15,2026-01-15,Frozen,1.3,Cold Storage Truck,132,1638.46,5,2,6,12,416,163,0,35860,33680.74
71,Snacks,Chocolate Bar,40g,40,2025-02-23,2025-11-20,Ambient,0.34,Truck,184,1966.97,1,2,8,7,102,170,15,5780,3778.35
72,Snacks,Chocolate Bar,40g,40,2025-02-16,2025-11-13,Ambient,0.14,Van,46,364.45,5,2,1,31,447,242,5,9196,8768.97
73,Staples,Sugar,1kg,45,2025-04-21,2027-04-21,Ambient,0.46,Bike,79,176.5,2,0,3,48,125,28,5,1197,963
74,Dairy,Cream,200ml,70,2025-04-21,2025-08-19,Refrigerated,0.75,Bike,11,31.37,2,2,5,10,217,189,0,13230,13035.88
75,Staples,Masala Powder (Packed),100g,60,2025-07-06,2026-07-06,Ambient,0.38,Cold Storage Truck,9,113.1,5,0,10,48,471,155,15,7905,7612.92
76,Bakery,Croissant (Packed),60g,35,2025-04-13,2025-04-20,Ambient,0.45,Cold Storage Truck,149,2195.7,6,2,9,32,266,151,15,4492.25,2176.85
77,Staples,Salt (Iodized),1kg,25,2025-06-06,2027-06-06,Ambient,0.29,Bike,112,349.08,3,2,7,12,140,221,5,5248.75,4859.07
78,Staples,Wheat Flour (Atta),5kg,250,2025-04-26,2025-10-23,Ambient,0.27,Van,177,891.03,4,0,10,11,269,145,5,34437.5,33473.84
79,Beverages,Energy Drink,250ml,125,2025-07-14,2026-07-14,Ambient,0.43,Bike,171,597.15,4,0,2,46,397,209,0,26125,25357.14
80,Dairy,Cheese Slices,200g,130,2025-04-08,2025-10-05,Refrigerated,0.71,Cold Storage Truck,165,1834.47,5,0,4,43,183,77,15,8508.5,6544.1
81,Snacks,Popcorn (Microwave Pack),100g,40,2025-03-25,2025-12-20,Ambient,0.12,Van,153,784.92,5,2,3,13,262,222,15,7548,6731.64
82,Bakery,Rusk / Toast Biscuits,200g,50,2025-04-10,2025-10-07,Ambient,0.38,Truck,189,1907.46,1,0,3,23,282,33,10,1485,-529.62
83,Beverages,Bottled Water,1L,20,2025-02-11,2026-02-11,Ambient,0.38,Bike,7,26.62,6,0,3,31,490,31,5,589,376.18
84,Frozen,Frozen Samosa,500g,150,2025-05-17,2026-05-17,Frozen,1.19,Cold Storage Truck,96,1270.49,2,0,9,25,185,205,15,26137.5,24646.86
85,Snacks,Nachos,150g,90,2025-03-13,2025-09-09,Ambient,0.49,Bike,196,569.67,1,0,7,8,496,164,0,14760,13947.29
86,Frozen,Frozen Samosa,500g,150,2025-05-06,2026-05-06,Frozen,2.53,Cold Storage Truck,161,1717.21,2,2,9,14,84,272,5,38760,36830.27
87,Frozen,Ready-to-eat Pizza,400g,150,2025-04-04,2026-04-04,Frozen,2.31,Bike,51,195.76,5,0,2,21,59,261,10,35235,34902.95
88,Bakery,Bread (Brown),400g,45,2025-01-06,2025-01-11,Ambient,0.11,Truck,37,411.09,1,2,6,3,195,243,10,9841.5,9408.96
89,Snacks,Popcorn (Microwave Pack),100g,40,2025-01-06,2025-10-03,Ambient,0.34,Van,67,413.99,1,1,5,46,364,196,0,7840,7302.25
90,Frozen,Frozen Peas,500g,120,2025-05-04,2026-05-04,Frozen,0.59,Van,133,670.46,1,0,3,46,360,25,15,2550,1667.14
91,Frozen,Frozen Samosa,500g,150,2025-06-12,2026-06-12,Frozen,3,Cold Storage Truck,106,1543.98,2,1,2,1,72,72,0,10800,9040.02
92,Bakery,Donuts (Packed),120g,60,2025-06-22,2025-06-27,Ambient,0.25,Van,89,565.3,5,0,10,1,415,20,10,1080,410.95
93,Snacks,Potato Chips,52g,20,2025-05-07,2025-11-03,Ambient,0.18,Van,197,1381.98,2,1,7,4,337,53,15,901,-541.64
94,Snacks,Packaged Namkeen (Mixture),200g,60,2025-07-13,2026-04-09,Ambient,0.31,Bike,122,446.85,6,0,8,46,355,287,0,17220,16663.1
95,Snacks,Nachos,150g,90,2025-02-12,2025-08-11,Ambient,0.14,Cold Storage Truck,61,789.94,5,1,8,42,304,226,0,20340,19507.5
96,Staples,Tea Powder,250g,150,2025-01-19,2026-01-19,Ambient,0.38,Bike,183,696.55,6,1,5,42,241,271,5,38617.5,37829.37
97,Staples,Moong Dal,1kg,130,2025-01-25,2026-01-25,Ambient,0.34,Bike,34,105.73,1,2,3,5,484,268,5,33098,32827.71
98,Dairy,Milk (Tetra Pack),1L,60,2025-01-29,2025-07-28,Ambient,0.26,Van,110,834.58,1,1,10,29,182,157,15,8007,7125.1
99,Snacks,Cookies (Digestive),250g,60,2025-05-18,2026-02-12,Ambient,0.41,Van,88,561.21,2,0,3,36,83,281,0,16860,16264.76
100,Beverages,Green Tea (Tetrapack),250ml,45,2025-05-24,2025-11-20,Ambient,0.18,Van,47,268.86,3,1,1,20,420,130,0,5850,5505.54
101,Bakery,Croissant (Packed),60g,35,2025-07-08,2025-07-15,Ambient,0.38,Truck,136,1186.94,3,2,4,14,233,214,15,6366.5,5091.02
102,Dairy,Milk (Tetra Pack),1L,60,2025-05-13,2025-11-09,Ambient,0.37,Cold Storage Truck,182,2367.76,2,1,10,34,100,296,0,17760,15355.24
103,Snacks,Cookies (Digestive),250g,60,2025-06-22,2026-03-19,Ambient,0.17,Truck,153,1559.81,2,1,10,30,182,252,15,12852,11261.25
104,Beverages,Coconut Water (Packed),200ml,40,2025-03-18,2025-05-17,Ambient,0.25,Truck,82,764.27,1,2,5,49,460,92,5,3496,2616.73
105,Bakery,Donuts (Packed),120g,60,2025-03-04,2025-03-09,Ambient,0.35,Van,60,457.24,1,1,9,35,368,67,0,4020,3433.96
106,Staples,Salt (Iodized),1kg,25,2025-02-10,2027-02-10,Ambient,0.45,Van,12,86.94,6,1,6,14,302,199,10,4477.5,4254.66
107,Snacks,Biscuits,120g,35,2025-01-25,2025-10-22,Ambient,0.35,Truck,82,807.71,3,2,2,39,414,173,5,5752.25,4799.64
108,Staples,Salt (Iodized),1kg,25,2025-07-07,2027-07-07,Ambient,0.39,Van,115,866.33,5,1,8,39,412,258,15,5482.5,4455.49
109,Staples,Moong Dal,1kg,130,2025-04-10,2026-04-10,Ambient,0.28,Bike,119,295.71,1,0,9,22,168,47,5,5804.5,5461.75
110,Bakery,Buns & Rolls,200g,25,2025-05-02,2025-05-07,Ambient,0.18,Bike,130,291.14,1,1,10,12,194,32,15,680,353.94
111,Beverages,Bottled Water,1L,20,2025-02-08,2026-02-08,Ambient,0.42,Bike,113,334.39,2,2,3,32,277,130,5,2470,2019.27
112,Beverages,Bottled Water,1L,20,2025-06-11,2026-06-11,Ambient,0.4,Truck,117,1200.17,4,1,6,20,91,120,5,2280,1043.43
113,Bakery,Khari Puff (Packed),200g,80,2025-05-07,2025-07-06,Ambient,0.34,Van,191,1159.04,1,0,10,16,414,248,0,19840,18540.2
114,Bakery,Croissant (Packed),60g,35,2025-04-24,2025-05-01,Ambient,0.14,Cold Storage Truck,74,831,1,2,6,8,53,114,15,3391.5,2553.08
115,Beverages,Bottled Water,1L,20,2025-01-16,2026-01-16,Ambient,0.12,Truck,35,337.46,2,2,4,8,85,242,5,4598,4250.34
116,Beverages,Bottled Water,1L,20,2025-05-23,2026-05-23,Ambient,0.45,Bike,138,545.12,2,2,7,46,143,81,0,1620,1010.53
117,Bakery,Buns & Rolls,200g,25,2025-03-27,2025-04-01,Ambient,0.31,Cold Storage Truck,30,342,2,1,6,31,349,152,5,3610,3159.81
118,Bakery,Donuts (Packed),120g,60,2025-03-21,2025-03-26,Ambient,0.38,Cold Storage Truck,24,269.09,6,1,2,4,96,20,5,1140,834.43
119,Snacks,Packaged Namkeen (Mixture),200g,60,2025-06-16,2026-03-13,Ambient,0.33,Cold Storage Truck,143,2096.39,6,1,3,14,382,278,0,16680,14457.55
120,Bakery,Bread (White),400g,35,2025-05-22,2025-05-27,Ambient,0.28,Van,9,46.71,2,0,1,28,221,32,15,952,843.41
121,Dairy,Milk Powder,500g,250,2025-03-19,2026-03-19,Ambient,0.16,Van,77,560.61,3,1,9,21,448,57,10,12825,12192.71
122,Frozen,Ready-to-eat Pizza,400g,150,2025-02-15,2026-02-15,Frozen,0.77,Van,73,546.91,4,2,2,33,285,156,5,22230,21463.64
123,Dairy,Condensed Milk,400g,120,2025-07-07,2026-07-07,Ambient,0.13,Bike,44,151.5,5,1,3,21,109,286,0,34320,34154.33
124,Frozen,Frozen Peas,500g,120,2025-05-25,2026-05-25,Frozen,2.5,Van,39,214.22,6,0,6,14,54,97,5,11058,10708.78
125,Staples,Masala Powder (Packed),100g,60,2025-01-28,2026-01-28,Ambient,0.45,Bike,93,313.03,3,0,5,37,377,123,5,7011,6528.32
126,Beverages,Cold Coffee (Can),180ml,45,2025-02-18,2025-06-18,Ambient,0.22,Van,27,170.54,2,1,1,2,202,164,0,7380,7165.02
127,Frozen,Frozen Sweet Corn,500g,110,2025-01-05,2026-01-05,Frozen,0.67,Bike,108,350.84,3,2,9,49,484,217,5,22676.5,22001.38
128,Dairy,Yogurt (cups),100g,25,2025-06-15,2025-06-30,Refrigerated,2.33,Cold Storage Truck,46,492.03,1,1,6,11,64,130,0,3250,2608.85
129,Snacks,Trail Mix (Dry Fruits),200g,180,2025-01-22,2026-01-22,Ambient,0.46,Bike,168,671.22,5,2,10,37,490,116,0,20880,19983.38
130,Beverages,Coconut Water (Packed),200ml,40,2025-02-20,2025-04-21,Ambient,0.4,Van,90,642.8,1,1,4,49,54,142,5,5396,4731.6
131,Snacks,Nachos,150g,90,2025-04-25,2025-10-22,Ambient,0.43,Van,163,1000.24,5,0,10,39,414,235,15,17977.5,16799.24
132,Snacks,Nachos,150g,90,2025-06-15,2025-12-12,Ambient,0.29,Bike,72,248,3,1,2,48,179,114,10,9234,8934.09
133,Beverages,Bottled Water,1L,20,2025-06-22,2026-06-22,Ambient,0.2,Van,73,546.07,2,1,7,18,303,57,5,1083,476.33
134,Beverages,Coconut Water (Packed),200ml,40,2025-04-08,2025-06-07,Ambient,0.35,Bike,145,330.34,4,2,4,31,259,130,15,4420,3999.01
135,Dairy,Condensed Milk,400g,120,2025-02-08,2026-02-08,Ambient,0.47,Truck,104,1214.2,1,2,2,34,182,146,5,16644,15344.26
136,Beverages,Packaged Juice,1L,120,2025-03-20,2025-09-16,Ambient,0.34,Van,55,396.51,1,1,8,27,345,233,10,25164,24650.19
137,Beverages,Milkshake (Chocolate),200ml,35,2025-07-11,2025-11-08,Ambient,0.19,Truck,94,1067.43,6,2,9,50,231,20,10,630,-481.32
138,Beverages,Cold Coffee (Can),180ml,45,2025-06-01,2025-09-29,Ambient,0.19,Bike,147,411.31,4,0,8,4,358,156,5,6669,6189.67
139,Staples,Moong Dal,1kg,130,2025-06-13,2026-06-13,Ambient,0.1,Truck,173,1463.07,3,1,4,34,293,44,5,5434,3941.63
140,Beverages,Packaged Juice,1L,120,2025-03-06,2025-09-02,Ambient,0.24,Bike,166,636.93,6,0,7,26,177,270,10,29160,28480.59
141,Snacks,Potato Chips,52g,20,2025-02-16,2025-08-15,Ambient,0.3,Van,92,545.97,6,1,9,17,334,82,10,1476,829.83
142,Staples,Cooking Oil (Sunflower),1L,170,2025-01-15,2026-01-15,Ambient,0.11,Cold Storage Truck,53,577.18,6,1,4,31,133,196,15,28322,27730.19
143,Dairy,Flavored Milk,200ml,35,2025-07-06,2025-11-03,Ambient,0.13,Cold Storage Truck,193,2108.01,5,1,7,24,376,276,15,8211,6054.11
144,Dairy,Cheese Slices,200g,130,2025-05-12,2025-11-08,Refrigerated,2.37,Van,127,939.72,5,0,4,18,367,51,5,6298.5,4488.99
145,Beverages,Bottled Water,1L,20,2025-01-27,2026-01-27,Ambient,0.11,Bike,34,124.89,6,2,3,5,68,37,0,740,607.63
146,Beverages,Coconut Water (Packed),200ml,40,2025-06-18,2025-08-17,Ambient,0.28,Bike,198,607.64,6,2,8,14,162,133,5,5054,4401
147,Dairy,Cheese Slices,200g,130,2025-05-22,2025-11-18,Refrigerated,0.89,Van,133,798.41,2,1,9,28,104,150,15,16575,15684.03
148,Beverages,Lassi (Sweet),200ml,30,2025-07-12,2025-08-11,Refrigerated,2.74,Truck,166,1599.4,2,2,2,1,136,74,15,1887,-85.04
149,Bakery,Bread (White),400g,35,2025-05-10,2025-05-15,Ambient,0.36,Truck,69,704.28,6,0,4,15,372,274,0,9590,8751.8
150,Frozen,French Fries,1kg,220,2025-07-20,2026-07-20,Frozen,2.5,Bike,71,268.02,3,1,10,20,141,283,5,59147,58526.48
151,Beverages,Green Tea (Tetrapack),250ml,45,2025-03-27,2025-09-23,Ambient,0.34,Bike,50,183.02,6,2,2,44,214,201,0,9045,8789.22
152,Dairy,Cheese Slices,200g,130,2025-06-14,2025-12-11,Refrigerated,1.31,Van,11,75.9,3,0,2,44,210,170,0,22100,21749
153,Frozen,Ready-to-eat Pizza,400g,150,2025-01-04,2026-01-04,Frozen,2.69,Van,33,206.72,3,1,10,17,51,216,15,27540,27196.09
154,Snacks,Trail Mix (Dry Fruits),200g,180,2025-07-07,2026-07-07,Ambient,0.43,Truck,199,2061.87,5,1,3,1,445,39,0,7020,4766.78
155,Bakery,Rusk / Toast Biscuits,200g,50,2025-05-11,2025-11-07,Ambient,0.41,Bike,141,404.99,2,1,1,35,477,299,0,14950,14349.44
156,Frozen,Ready-to-eat Pizza,400g,150,2025-02-01,2026-02-01,Frozen,1.72,Bike,132,312.08,6,0,1,50,419,134,0,20100,19067.24
157,Staples,Sugar,1kg,45,2025-05-26,2027-05-26,Ambient,0.32,Van,29,167.44,6,1,5,2,295,297,10,12028.5,11766.66
158,Frozen,Ready-to-eat Pizza,400g,150,2025-06-14,2026-06-14,Frozen,1.81,Van,113,799.32,2,0,1,1,342,94,5,13395,11976.66
159,Staples,Coffee Powder,200g,180,2025-04-15,2026-04-15,Ambient,0.43,Cold Storage Truck,45,511.66,6,1,4,35,66,184,0,33120,32579.96
160,Snacks,Packaged Namkeen (Mixture),200g,60,2025-05-11,2026-02-05,Ambient,0.39,Bike,121,244.66,2,0,9,14,76,153,10,8262,7987.7
161,Staples,Masala Powder (Packed),100g,60,2025-06-27,2026-06-27,Ambient,0.37,Van,142,1099.54,6,1,7,41,459,209,5,11913,10643.63
162,Bakery,Buns & Rolls,200g,25,2025-05-21,2025-05-26,Ambient,0.17,Van,111,616.4,3,2,2,36,230,48,0,1200,544.5
163,Snacks,Packaged Namkeen (Mixture),200g,60,2025-05-11,2026-02-05,Ambient,0.24,Truck,117,1273.68,2,2,1,2,281,246,5,14022,12680.88
164,Dairy,Cream,200ml,70,2025-06-22,2025-10-20,Refrigerated,2.16,Van,154,1108.45,4,2,6,35,338,269,15,16005.5,14166.97
165,Snacks,Muesli Bar,30g,25,2025-04-24,2025-10-21,Ambient,0.34,Van,85,551.57,2,0,10,11,414,220,5,5225,4532.67
166,Dairy,Milk (Tetra Pack),1L,60,2025-04-05,2025-10-02,Ambient,0.24,Truck,44,480.16,2,0,6,18,266,80,10,4320,3776
167,Staples,Wheat Flour (Atta),5kg,250,2025-01-17,2025-07-16,Ambient,0.2,Van,135,706.49,6,1,10,14,157,191,10,42975,42237.11
168,Staples,Tea Powder,250g,150,2025-03-25,2026-03-25,Ambient,0.34,Cold Storage Truck,23,266.18,1,2,1,5,492,36,5,5130,4696.54
169,Staples,Coffee Powder,200g,180,2025-03-05,2026-03-05,Ambient,0.31,Bike,16,49.34,5,0,8,15,265,283,10,45846,45714.51
170,Staples,Tea Powder,250g,150,2025-04-20,2026-04-20,Ambient,0.36,Truck,122,1286.97,1,2,5,43,249,44,5,6270,4893.39
171,Bakery,Bread (Brown),400g,45,2025-07-10,2025-07-15,Ambient,0.38,Truck,113,1206.8,1,2,2,43,337,285,15,10901.25,9566.39
172,Staples,Cooking Oil (Sunflower),1L,170,2025-02-03,2026-02-03,Ambient,0.32,Van,90,697.18,1,2,1,41,319,136,10,20808,20008.74
173,Frozen,Ice Cream (Family Pack),1L,250,2025-06-03,2026-02-28,Frozen,2.81,Cold Storage Truck,63,927.44,4,2,3,38,131,242,5,57475,56179.45
174,Dairy,Flavored Milk,200ml,35,2025-02-19,2025-06-19,Ambient,0.28,Truck,191,2161.29,3,0,2,48,322,33,10,1039.5,-1211.95
175,Dairy,Ghee (Packed),500ml,300,2025-04-14,2026-04-14,Ambient,0.13,Van,41,270.22,1,0,1,36,232,58,10,15660,15359.62
176,Staples,Moong Dal,1kg,130,2025-01-08,2026-01-08,Ambient,0.36,Cold Storage Truck,145,1903.77,2,2,4,18,65,127,5,15684.5,13757.33
177,Staples,Toor Dal,1kg,140,2025-02-13,2026-02-13,Ambient,0.28,Bike,38,77.62,2,2,7,16,296,288,0,40320,40159.5
178,Snacks,Packaged Namkeen (Mixture),200g,60,2025-06-05,2026-03-02,Ambient,0.13,Cold Storage Truck,50,587.68,1,2,6,23,495,264,15,13464,12811.97
179,Snacks,Biscuits,120g,35,2025-06-01,2026-02-26,Ambient,0.26,Truck,162,1566.71,1,2,10,19,408,84,5,2793,1120.21
180,Dairy,Cream,200ml,70,2025-04-21,2025-08-19,Refrigerated,1.67,Cold Storage Truck,124,1418.09,5,0,9,33,373,165,5,10972.5,8931.5
181,Snacks,Instant Noodles,70g,15,2025-04-25,2026-01-20,Ambient,0.21,Van,185,1473.19,2,0,10,33,122,159,10,2146.5,647.69
182,Frozen,Ready-to-eat Pizza,400g,150,2025-01-21,2026-01-21,Frozen,2.47,Van,175,1183.99,5,1,10,44,344,30,5,4275,2241.33
183,Beverages,Soft Drink,750ml,40,2025-06-02,2025-11-29,Ambient,0.17,Van,56,290.92,6,0,3,37,121,167,0,6680,6368.51
184,Bakery,Packaged Cake,180g,80,2025-04-17,2025-07-16,Ambient,0.43,Van,114,648.89,1,1,9,25,275,237,0,18960,18192.86
185,Bakery,Bread (Brown),400g,45,2025-07-03,2025-07-08,Ambient,0.41,Bike,10,36.02,1,0,4,41,103,66,10,2673,2594.75
186,Dairy,Probiotic Drink,65ml x 5 pack,80,2025-06-08,2025-07-08,Refrigerated,2.82,Cold Storage Truck,126,1590.77,6,0,7,19,428,197,5,14972,12174.27
187,Dairy,Probiotic Drink,65ml x 5 pack,80,2025-02-28,2025-03-30,Refrigerated,0.88,Cold Storage Truck,164,2019.97,1,0,2,44,318,139,0,11120,8820.19
188,Beverages,Lassi (Sweet),200ml,30,2025-03-10,2025-04-09,Refrigerated,2.74,Cold Storage Truck,105,1098.03,5,0,10,19,154,142,15,3621,2101.01
189,Beverages,Energy Drink,250ml,125,2025-03-26,2026-03-26,Ambient,0.12,Cold Storage Truck,80,814.17,3,2,1,7,89,44,0,5500,4675.15
190,Dairy,Ghee (Packed),500ml,300,2025-04-11,2026-04-11,Ambient,0.21,Truck,128,1214.82,2,1,1,39,377,270,0,81000,79706.01
191,Beverages,Coconut Water (Packed),200ml,40,2025-04-15,2025-06-14,Ambient,0.13,Cold Storage Truck,64,675.03,5,1,8,48,333,100,5,3800,3081.68
192,Snacks,Muesli Bar,30g,25,2025-04-15,2025-10-12,Ambient,0.34,Van,190,1275.65,5,0,9,44,89,59,10,1327.5,21.59
193,Snacks,Instant Noodles,70g,15,2025-04-22,2026-01-17,Ambient,0.39,Van,151,1148.28,1,0,2,13,141,78,10,1053,-150.27
194,Snacks,Instant Noodles,70g,15,2025-05-31,2026-02-25,Ambient,0.43,Bike,93,359,6,2,5,41,405,210,10,2835,2301.85
195,Snacks,Instant Noodles,70g,15,2025-06-02,2026-02-27,Ambient,0.45,Cold Storage Truck,49,703.6,2,2,4,29,80,42,5,598.5,-141.1
196,Dairy,Condensed Milk,400g,120,2025-05-19,2026-05-19,Ambient,0.19,Van,43,235.74,5,0,5,43,405,277,5,31578,31265.31
197,Snacks,Instant Noodles,70g,15,2025-02-06,2025-11-03,Ambient,0.2,Bike,198,509.67,1,0,3,49,95,174,0,2610,2081.33
198,Dairy,Yogurt (cups),100g,25,2025-01-22,2025-02-06,Refrigerated,0.79,Van,102,704.01,6,2,8,20,393,182,15,3867.5,2853.02
199,Staples,Wheat Flour (Atta),5kg,250,2025-01-21,2025-07-20,Ambient,0.4,Cold Storage Truck,78,948.57,6,0,1,15,368,79,10,17775,16679.23
200,Beverages,Soft Drink,750ml,40,2025-01-17,2025-07-16,Ambient,0.14,Bike,152,513.12,1,1,5,47,291,238,15,8092,7538.14
201,Dairy,Milk Powder,500g,250,2025-03-16,2026-03-16,Ambient,0.38,Cold Storage Truck,122,1430.99,6,2,9,26,169,229,5,54387.5,52892.29
202,Snacks,Chocolate Bar,40g,40,2025-03-07,2025-12-02,Ambient,0.49,Cold Storage Truck,168,2223.96,3,0,1,9,485,26,0,1040,-1421.61
203,Frozen,Frozen Fish Fillets,500g,280,2025-04-20,2026-04-20,Frozen,1.31,Truck,83,935.84,6,1,3,18,107,45,5,11970,10893.99
204,Staples,Salt (Iodized),1kg,25,2025-02-12,2027-02-12,Ambient,0.5,Van,103,654.48,5,0,6,24,88,290,10,6525,5826.52
205,Beverages,Bottled Water,1L,20,2025-03-05,2026-03-05,Ambient,0.22,Bike,36,77.93,3,2,6,23,133,41,10,738,630.81
206,Beverages,Coconut Water (Packed),200ml,40,2025-03-13,2025-05-12,Ambient,0.48,Cold Storage Truck,188,2286.39,3,0,2,41,70,103,5,3914,1594.01
207,Dairy,Ghee (Packed),500ml,300,2025-07-08,2026-07-08,Ambient,0.28,Van,5,29.81,5,2,10,10,471,34,5,9690,9528.31
208,Dairy,Milk Powder,500g,250,2025-07-07,2026-07-07,Ambient,0.11,Truck,29,314.93,3,1,1,24,323,290,15,61625,61274.54
209,Snacks,Cookies (Digestive),250g,60,2025-05-22,2026-02-16,Ambient,0.18,Bike,97,344.66,2,2,5,22,128,46,5,2622,2254.3
210,Dairy,Cheese Slices,200g,130,2025-02-08,2025-08-07,Refrigerated,2.07,Bike,196,507.31,1,1,6,50,73,65,10,7605,6946.58
211,Frozen,Frozen Samosa,500g,150,2025-07-12,2026-07-12,Frozen,0.79,Van,21,143.26,6,0,2,49,389,247,0,37050,36599.43
212,Dairy,Flavored Milk,200ml,35,2025-07-17,2025-11-14,Ambient,0.16,Bike,121,384.84,1,0,4,36,121,83,0,2905,2500.8
213,Frozen,Frozen Fish Fillets,500g,280,2025-03-02,2026-03-02,Frozen,0.68,Cold Storage Truck,68,814.49,3,0,1,26,144,185,15,44030,43117.59
214,Staples,Cooking Oil (Sunflower),1L,170,2025-01-08,2026-01-08,Ambient,0.4,Cold Storage Truck,106,1541.14,1,0,1,48,316,233,10,35649,33981.46
215,Staples,Masala Powder (Packed),100g,60,2025-01-11,2026-01-11,Ambient,0.14,Cold Storage Truck,50,535.62,4,0,10,50,129,105,15,5355,4801.32
216,Staples,Salt (Iodized),1kg,25,2025-05-28,2027-05-28,Ambient,0.32,Truck,164,1929.45,1,0,3,14,402,21,0,525,-1533.09
217,Staples,Moong Dal,1kg,130,2025-01-31,2026-01-31,Ambient,0.24,Bike,165,602.09,6,2,9,1,203,122,5,15067,14416.19
218,Bakery,Donuts (Packed),120g,60,2025-01-08,2025-01-13,Ambient,0.18,Cold Storage Truck,126,1764.37,1,1,2,33,155,142,5,8094,6301.73
219,Staples,Toor Dal,1kg,140,2025-06-15,2026-06-15,Ambient,0.35,Cold Storage Truck,164,1885.05,2,1,4,48,253,283,15,33677,31703.4
220,Dairy,Milk Powder,500g,250,2025-07-18,2026-07-18,Ambient,0.41,Truck,115,1294.82,4,1,4,20,56,103,15,21887.5,20569.72
221,Bakery,Donuts (Packed),120g,60,2025-05-03,2025-05-08,Ambient,0.43,Truck,158,1567.93,6,2,5,16,176,207,5,11799,10155.39
222,Snacks,Potato Chips,52g,20,2025-06-28,2025-12-25,Ambient,0.39,Cold Storage Truck,16,179.77,3,1,7,42,446,44,0,880,526.29
223,Beverages,Green Tea (Tetrapack),250ml,45,2025-06-11,2025-12-08,Ambient,0.23,Cold Storage Truck,104,1427.03,3,1,3,47,270,138,0,6210,4720.87
224,Staples,Rice (Basmati),5kg,550,2025-01-18,2026-01-18,Ambient,0.11,Bike,154,410.35,4,1,2,42,361,78,10,38610,38159.94
225,Beverages,Packaged Juice,1L,120,2025-06-04,2025-12-01,Ambient,0.26,Bike,193,413.87,4,0,9,5,496,226,0,27120,26577.17
226,Staples,Wheat Flour (Atta),5kg,250,2025-07-19,2026-01-15,Ambient,0.45,Truck,163,1575.17,4,1,8,7,73,23,15,4887.5,3279.48
227,Staples,Wheat Flour (Atta),5kg,250,2025-01-19,2025-07-18,Ambient,0.5,Van,156,1034.26,4,1,8,6,484,115,0,28750,27473.74
228,Frozen,Ready-to-eat Pizza,400g,150,2025-02-03,2026-02-03,Frozen,2.31,Cold Storage Truck,70,909.2,2,2,2,31,469,281,10,37935,35942.41
229,Beverages,Lassi (Sweet),200ml,30,2025-05-14,2025-06-13,Refrigerated,1.98,Truck,129,1140.7,5,2,8,43,286,37,15,943.5,-763.48
230,Staples,Sugar,1kg,45,2025-04-25,2027-04-25,Ambient,0.19,Truck,30,325.9,4,1,2,10,289,106,5,4531.5,4150.69
231,Beverages,Milkshake (Chocolate),200ml,35,2025-01-27,2025-05-27,Ambient,0.49,Van,123,767.41,6,0,7,5,471,60,5,1995,996.8
232,Beverages,Lassi (Sweet),200ml,30,2025-07-06,2025-08-05,Refrigerated,1.61,Truck,88,912.72,1,0,9,26,375,164,10,4428,2911.53
233,Beverages,Cold Coffee (Can),180ml,45,2025-02-16,2025-06-16,Ambient,0.26,Van,167,1164.03,3,1,7,44,498,183,0,8235,6941.49
234,Frozen,Frozen Chicken Nuggets,750g,320,2025-04-12,2026-04-12,Frozen,0.68,Truck,18,167.82,6,0,7,50,142,285,15,77520,77255.62
235,Frozen,French Fries,1kg,220,2025-04-05,2026-04-05,Frozen,1.58,Bike,24,76.22,4,0,1,35,50,83,5,17347,17191.78
236,Bakery,Buns & Rolls,200g,25,2025-03-11,2025-03-16,Ambient,0.34,Bike,179,595.64,4,2,9,26,214,139,15,2953.75,2285.35
237,Frozen,Frozen Sweet Corn,500g,110,2025-03-10,2026-03-10,Frozen,2.67,Cold Storage Truck,112,1422.35,5,1,1,48,453,149,0,16390,13758.14
238,Staples,Sugar,1kg,45,2025-01-04,2027-01-04,Ambient,0.12,Van,123,697.91,1,0,9,42,294,78,0,3510,2776.81
239,Bakery,Packaged Cake,180g,80,2025-05-07,2025-08-05,Ambient,0.33,Cold Storage Truck,16,171.87,3,2,3,45,230,261,15,17748,17500.23
240,Bakery,Packaged Cake,180g,80,2025-06-15,2025-09-13,Ambient,0.11,Bike,54,213.09,3,1,8,21,88,242,15,16456,16233.23
241,Bakery,Bread (White),400g,35,2025-06-28,2025-07-03,Ambient,0.24,Truck,42,359.46,4,1,10,45,433,145,0,5075,4611.62
242,Beverages,Milkshake (Chocolate),200ml,35,2025-06-10,2025-10-08,Ambient,0.18,Bike,123,285.95,5,1,4,38,390,148,10,4662,4305.85
243,Frozen,French Fries,1kg,220,2025-03-14,2026-03-14,Frozen,2.67,Bike,90,225.96,3,1,1,28,242,138,5,28842,27969.9
244,Snacks,Nachos,150g,90,2025-02-09,2025-08-08,Ambient,0.11,Van,149,1116.4,4,2,7,37,352,251,0,22590,21434.88
245,Staples,Sugar,1kg,45,2025-04-22,2027-04-22,Ambient,0.47,Van,50,387.8,6,0,6,12,50,166,10,6723,6311.7
246,Bakery,Donuts (Packed),120g,60,2025-05-24,2025-05-29,Ambient,0.37,Bike,109,241.24,1,0,8,10,269,211,5,12027,11686.23
247,Snacks,Popcorn (Microwave Pack),100g,40,2025-05-02,2026-01-27,Ambient,0.26,Cold Storage Truck,180,2477.18,1,2,5,7,294,96,10,3456,902.38
248,Dairy,Paneer (packed),200g,85,2025-06-14,2025-06-24,Refrigerated,2.7,Van,129,941.13,6,1,7,4,181,121,10,9256.5,7826.67
249,Beverages,Packaged Juice,1L,120,2025-04-10,2025-10-07,Ambient,0.4,Van,27,170.28,6,1,5,4,380,148,15,15096,14773.72
250,Snacks,Instant Noodles,70g,15,2025-06-24,2026-03-21,Ambient,0.36,Bike,147,479.28,3,0,2,18,248,162,0,2430,1861.44
251,Dairy,Milk Powder,500g,250,2025-01-21,2026-01-21,Ambient,0.28,Cold Storage Truck,53,674.61,3,2,1,18,340,121,5,28737.5,27967.69
252,Beverages,Green Tea (Tetrapack),250ml,45,2025-07-20,2026-01-16,Ambient,0.17,Truck,78,860.92,2,1,1,2,314,22,0,990,75.7
253,Dairy,Paneer (packed),200g,85,2025-03-06,2025-03-16,Refrigerated,1.7,Van,121,900.4,2,0,7,48,202,31,0,2635,1391.2
254,Dairy,Cream,200ml,70,2025-05-22,2025-09-19,Refrigerated,1.12,Cold Storage Truck,19,227.46,3,2,8,13,392,40,10,2520,1853.5
255,Bakery,Donuts (Packed),120g,60,2025-07-02,2025-07-07,Ambient,0.46,Cold Storage Truck,121,1753.31,4,0,5,11,330,222,10,11988,10082.89
256,Staples,Moong Dal,1kg,130,2025-06-04,2026-06-04,Ambient,0.29,Cold Storage Truck,23,241.66,3,0,8,36,430,71,5,8768.5,8402.14
257,Staples,Rice (Basmati),5kg,550,2025-02-27,2026-02-27,Ambient,0.42,Bike,39,123.31,2,0,4,9,155,177,5,92482.5,92294.09
258,Snacks,Muesli Bar,30g,25,2025-02-22,2025-08-21,Ambient,0.49,Truck,94,797.83,5,2,8,15,312,127,5,3016.25,2065.54
259,Frozen,Frozen Samosa,500g,150,2025-01-20,2026-01-20,Frozen,2.27,Van,60,442.81,4,1,2,28,494,55,15,7012.5,5448.31
260,Bakery,Khari Puff (Packed),200g,80,2025-07-09,2025-09-07,Ambient,0.42,Truck,133,1262.71,5,2,3,49,222,66,10,4752,3396.05
261,Dairy,Paneer (packed),200g,85,2025-03-19,2025-03-29,Refrigerated,2.09,Cold Storage Truck,25,360.53,2,1,7,37,442,45,0,3825,2540.69
262,Dairy,Ghee (Packed),500ml,300,2025-05-20,2026-05-20,Ambient,0.24,Van,174,1339.81,3,0,3,19,257,68,5,19380,17978.51
263,Bakery,Bread (White),400g,35,2025-04-15,2025-04-20,Ambient,0.22,Van,156,1164.98,1,1,8,9,109,186,5,6184.5,4995.54
264,Snacks,Biscuits,120g,35,2025-03-06,2025-12-01,Ambient,0.41,Cold Storage Truck,187,2418.48,4,1,1,24,224,68,10,2142,-368.32
265,Snacks,Cookies (Digestive),250g,60,2025-03-23,2025-12-18,Ambient,0.29,Van,153,808.93,4,2,4,32,481,162,10,8748,7799.58
266,Snacks,Biscuits,120g,35,2025-03-19,2025-12-14,Ambient,0.32,Truck,142,1281.91,2,2,7,11,126,273,0,9555,8232.77
267,Frozen,Frozen Chicken Nuggets,750g,320,2025-02-22,2026-02-22,Frozen,1.99,Bike,150,421.3,1,0,8,30,423,144,10,41472,40208.93
268,Staples,Sugar,1kg,45,2025-05-11,2027-05-11,Ambient,0.11,Bike,28,63.19,6,1,2,46,68,87,5,3719.25,3648.58
269,Snacks,Muesli Bar,30g,25,2025-07-15,2026-01-11,Ambient,0.46,Bike,113,243.95,4,2,4,11,281,248,0,6200,5826.79
270,Beverages,Coconut Water (Packed),200ml,40,2025-02-13,2025-04-14,Ambient,0.26,Cold Storage Truck,101,1124.46,1,1,6,17,474,215,0,8600,7352.3
271,Frozen,Frozen Sweet Corn,500g,110,2025-04-06,2026-04-06,Frozen,2.17,Truck,176,1572.53,2,2,4,23,198,283,5,29573.5,27571.31
272,Dairy,Yogurt (cups),100g,25,2025-05-26,2025-06-10,Refrigerated,1.83,Van,129,821.8,4,1,6,33,391,149,10,3352.5,1815.17
273,Frozen,Frozen Peas,500g,120,2025-03-25,2026-03-25,Frozen,1.41,Truck,39,425.98,6,1,9,10,335,135,15,13770,12871.67
274,Frozen,Frozen Fish Fillets,500g,280,2025-06-03,2026-06-03,Frozen,2.89,Truck,81,853.73,6,1,2,20,352,227,5,60382,58510.99
275,Dairy,Condensed Milk,400g,120,2025-05-09,2026-05-09,Ambient,0.28,Cold Storage Truck,148,1480.92,3,1,3,3,449,155,15,15810,14203.36
276,Snacks,Popcorn (Microwave Pack),100g,40,2025-04-06,2026-01-01,Ambient,0.19,Bike,96,379.04,4,0,6,23,167,24,15,816,405.23
277,Snacks,Instant Noodles,70g,15,2025-04-07,2026-01-02,Ambient,0.44,Van,153,807.65,1,0,3,45,455,250,15,3187.5,2179.65
278,Frozen,French Fries,1kg,220,2025-03-31,2026-03-31,Frozen,2.57,Van,42,230.07,5,1,3,46,191,170,5,35530,34809.06
279,Dairy,Probiotic Drink,65ml x 5 pack,80,2025-03-07,2025-04-06,Refrigerated,1.45,Truck,6,70.49,2,1,8,47,498,199,5,15124,14331.41
280,Frozen,Frozen Sweet Corn,500g,110,2025-02-08,2026-02-08,Frozen,1.79,Cold Storage Truck,167,2326.54,2,2,9,48,192,120,15,11220,8549.78
281,Dairy,Cheese Slices,200g,130,2025-03-31,2025-09-27,Refrigerated,1.49,Van,170,1266.9,2,1,10,26,340,177,15,19558.5,17785
282,Bakery,Khari Puff (Packed),200g,80,2025-03-16,2025-05-15,Ambient,0.39,Cold Storage Truck,71,990.46,5,2,7,4,485,33,0,2640,1460.39
283,Snacks,Popcorn (Microwave Pack),100g,40,2025-05-28,2026-02-22,Ambient,0.17,Cold Storage Truck,134,1489.82,2,0,9,30,255,295,5,11210,9676.83
284,Beverages,Packaged Juice,1L,120,2025-03-07,2025-09-03,Ambient,0.33,Bike,58,152.39,6,1,1,29,144,289,0,34680,34480.09
285,Snacks,Muesli Bar,30g,25,2025-03-22,2025-09-18,Ambient,0.43,Truck,184,1841.89,5,1,2,13,474,44,0,1100,-945.71
286,Dairy,Paneer (packed),200g,85,2025-06-17,2025-06-27,Refrigerated,0.67,Van,29,165.23,4,0,1,21,222,31,15,2239.75,1925.78
287,Snacks,Trail Mix (Dry Fruits),200g,180,2025-03-09,2026-03-09,Ambient,0.47,Van,24,151.64,3,1,4,10,365,179,0,32220,31896.81
288,Beverages,Coconut Water (Packed),200ml,40,2025-05-29,2025-07-28,Ambient,0.34,Cold Storage Truck,155,1667.82,2,1,3,46,54,285,0,11400,9713.82
289,Dairy,Milk Powder,500g,250,2025-01-09,2026-01-09,Ambient,0.5,Truck,163,1757.16,1,1,4,27,132,118,0,29500,27676.84
290,Dairy,Yogurt (cups),100g,25,2025-07-05,2025-07-20,Refrigerated,1.16,Truck,11,118.46,4,2,1,43,301,116,15,2465,1997.38
291,Dairy,Probiotic Drink,65ml x 5 pack,80,2025-03-11,2025-04-10,Refrigerated,1.07,Cold Storage Truck,105,1372.99,4,1,4,1,357,240,15,16320,14565.02
292,Frozen,Frozen Fish Fillets,500g,280,2025-01-19,2026-01-19,Frozen,1.57,Truck,67,748.28,5,2,8,26,240,81,15,19278,18152.92
293,Staples,Tea Powder,250g,150,2025-01-20,2026-01-20,Ambient,0.25,Van,96,618.71,6,2,1,17,278,105,0,15750,15061.79
294,Staples,Rice (Basmati),5kg,550,2025-07-16,2026-07-16,Ambient,0.27,Bike,153,311.87,2,2,5,16,128,168,5,87780,87433.57
295,Bakery,Rusk / Toast Biscuits,200g,50,2025-07-11,2026-01-07,Ambient,0.35,Van,17,85.62,2,0,1,45,291,232,0,11600,11412.53
296,Bakery,Croissant (Packed),60g,35,2025-02-08,2025-02-15,Ambient,0.48,Truck,168,1593.59,4,2,7,26,237,210,0,7350,5642.65
297,Dairy,Flavored Milk,200ml,35,2025-07-11,2025-11-08,Ambient,0.16,Truck,38,353.35,3,0,1,18,301,101,15,3004.75,2603.24
298,Bakery,Packaged Cake,180g,80,2025-06-23,2025-09-21,Ambient,0.35,Bike,161,469.94,1,0,4,20,70,61,0,4880,4385.56
299,Beverages,Green Tea (Tetrapack),250ml,45,2025-06-28,2025-12-25,Ambient,0.14,Van,124,737.33,5,0,1,24,178,149,15,5699.25,4937
300,Beverages,Coconut Water (Packed),200ml,40,2025-04-08,2025-06-07,Ambient,0.44,Cold Storage Truck,62,698.45,3,2,3,32,281,296,15,10064,9241.91
301,Frozen,Frozen Sweet Corn,500g,110,2025-06-13,2026-06-13,Frozen,2.15,Truck,191,1871.9,4,2,6,29,482,98,0,10780,7871.8
302,Dairy,Cheese Slices,200g,130,2025-03-25,2025-09-21,Refrigerated,1.8,Cold Storage Truck,73,999.16,5,0,10,43,498,106,0,13780,11884.44
303,Bakery,Khari Puff (Packed),200g,80,2025-03-02,2025-05-01,Ambient,0.4,Cold Storage Truck,133,1377.94,5,0,1,13,457,171,0,13680,12119.26
304,Snacks,Biscuits,120g,35,2025-05-14,2026-02-08,Ambient,0.26,Truck,163,1497.34,3,2,3,5,188,230,10,7245,5698.78
305,Dairy,Milk (Tetra Pack),1L,60,2025-05-24,2025-11-20,Ambient,0.17,Cold Storage Truck,9,114.73,2,1,5,37,401,27,15,1377,1194.1
306,Frozen,French Fries,1kg,220,2025-07-01,2026-07-01,Frozen,0.71,Cold Storage Truck,116,1721.36,1,0,9,2,272,155,15,28985,27070.52
307,Staples,Tea Powder,250g,150,2025-01-30,2026-01-30,Ambient,0.25,Bike,182,367.8,1,0,3,21,341,97,0,14550,14096.95
308,Beverages,Lassi (Sweet),200ml,30,2025-05-22,2025-06-21,Refrigerated,1.83,Bike,194,735.58,4,2,8,10,315,168,15,4284,2971.97
309,Dairy,Flavored Milk,200ml,35,2025-02-22,2025-06-22,Ambient,0.49,Truck,122,1213.18,2,2,5,12,209,245,10,7717.5,6401.91
310,Beverages,Cold Coffee (Can),180ml,45,2025-02-05,2025-06-05,Ambient,0.14,Cold Storage Truck,150,1668.46,1,1,9,29,202,143,5,6113.25,4416.51
311,Snacks,Potato Chips,52g,20,2025-05-12,2025-11-08,Ambient,0.48,Truck,162,1897.55,5,2,10,21,221,193,0,3860,1856.37
312,Beverages,Cold Coffee (Can),180ml,45,2025-01-03,2025-05-03,Ambient,0.37,Truck,123,1416.6,2,0,7,46,317,252,10,10206,8672.11
313,Snacks,Popcorn (Microwave Pack),100g,40,2025-03-31,2025-12-26,Ambient,0.4,Van,153,1214.08,4,2,6,3,351,257,10,9252,7897.52
314,Dairy,Ghee (Packed),500ml,300,2025-05-09,2026-05-09,Ambient,0.23,Truck,154,1838.56,2,0,9,11,71,288,5,82080,80225.11
315,Staples,Masala Powder (Packed),100g,60,2025-06-20,2026-06-20,Ambient,0.37,Cold Storage Truck,184,2592.36,5,1,1,17,144,107,15,5457,2811.36
316,Frozen,Frozen Sweet Corn,500g,110,2025-01-06,2026-01-06,Frozen,1.86,Bike,193,672.96,3,2,8,24,52,210,5,21945,21175.32
317,Snacks,Chocolate Bar,40g,40,2025-05-23,2026-02-17,Ambient,0.38,Bike,43,135.64,2,1,4,11,330,147,0,5880,5618.96
318,Bakery,Rusk / Toast Biscuits,200g,50,2025-02-22,2025-08-21,Ambient,0.1,Van,133,960.94,2,1,2,25,52,123,10,5535,4568.86
319,Dairy,Ghee (Packed),500ml,300,2025-04-03,2026-04-03,Ambient,0.18,Cold Storage Truck,14,191.96,3,1,6,9,351,250,10,67500,67244.86
320,Staples,Toor Dal,1kg,140,2025-05-15,2026-05-15,Ambient,0.24,Cold Storage Truck,17,215.79,2,1,10,48,469,105,5,13965,13636.65
321,Frozen,Frozen Peas,500g,120,2025-02-06,2026-02-06,Frozen,0.59,Truck,18,197.97,3,2,8,17,486,39,10,4212,3727.29
322,Beverages,Bottled Water,1L,20,2025-02-06,2026-02-06,Ambient,0.22,Van,60,390.37,5,1,5,42,235,151,10,2718,2275.93
323,Beverages,Milkshake (Chocolate),200ml,35,2025-01-26,2025-05-26,Ambient,0.45,Truck,158,1511.44,6,0,6,32,359,221,5,7348.25,5675.26
324,Snacks,Biscuits,120g,35,2025-01-10,2025-10-07,Ambient,0.26,Truck,21,217.41,3,0,6,13,53,240,5,7980,7748.81
325,Snacks,Instant Noodles,70g,15,2025-02-01,2025-10-29,Ambient,0.33,Bike,59,200.95,2,1,3,19,425,273,15,3480.75,3139.55
326,Staples,Wheat Flour (Atta),5kg,250,2025-07-15,2026-01-11,Ambient,0.42,Truck,163,1318.95,5,1,1,7,452,230,5,54625,53116.21
327,Bakery,Donuts (Packed),120g,60,2025-01-06,2025-01-11,Ambient,0.49,Cold Storage Truck,121,1687.11,5,1,2,25,241,38,15,1938,132.8
328,Snacks,Popcorn (Microwave Pack),100g,40,2025-02-05,2025-11-02,Ambient,0.23,Van,187,1067.32,3,2,9,35,368,135,0,5400,4248.04
329,Dairy,Paneer (packed),200g,85,2025-03-22,2025-04-01,Refrigerated,2.42,Bike,61,235.84,6,2,3,29,350,180,0,15300,14217.16
330,Bakery,Croissant (Packed),60g,35,2025-01-13,2025-01-20,Ambient,0.15,Bike,51,187.66,5,0,4,27,124,156,5,5187,4980.74
331,Dairy,Ghee (Packed),500ml,300,2025-06-08,2026-06-08,Ambient,0.33,Truck,142,1326,6,1,2,41,156,132,5,37620,36242.52
332,Snacks,Nachos,150g,90,2025-02-10,2025-08-09,Ambient,0.21,Truck,85,996.07,2,2,4,43,100,264,10,21384,20366.93
333,Staples,Cooking Oil (Sunflower),1L,170,2025-04-09,2026-04-09,Ambient,0.27,Van,73,549.38,2,0,2,34,470,68,0,11560,10883.72
334,Dairy,Flavored Milk,200ml,35,2025-01-23,2025-05-23,Ambient,0.38,Bike,94,203.15,1,1,5,5,280,148,15,4403,4093.45
335,Beverages,Green Tea (Tetrapack),250ml,45,2025-05-13,2025-11-09,Ambient,0.12,Bike,178,573.24,4,0,2,21,237,76,10,3078,2476.32
336,Dairy,Paneer (packed),200g,85,2025-01-22,2025-02-01,Refrigerated,2.89,Bike,162,415.61,3,2,3,41,155,239,10,18283.5,17419.94
337,Dairy,Yogurt (cups),100g,25,2025-01-17,2025-02-01,Refrigerated,2.77,Truck,124,1475.52,2,0,2,23,449,201,10,4522.5,1803.25
338,Dairy,Butter,100g,55,2025-04-03,2025-09-30,Refrigerated,2.44,Cold Storage Truck,48,517.53,4,1,9,34,277,203,10,10048.5,8855.09
339,Frozen,Frozen Samosa,500g,150,2025-03-19,2026-03-19,Frozen,2.77,Van,189,1141.14,2,2,5,34,227,26,5,3705,1935.07
340,Bakery,Khari Puff (Packed),200g,80,2025-06-12,2025-08-11,Ambient,0.49,Truck,147,1694.7,6,0,9,29,454,173,15,11764,9846.84
341,Bakery,Croissant (Packed),60g,35,2025-07-06,2025-07-13,Ambient,0.3,Van,25,144.24,5,0,1,4,180,106,5,3524.5,3326.26
342,Dairy,Milk (Tetra Pack),1L,60,2025-03-06,2025-09-02,Ambient,0.29,Bike,93,362.15,5,2,8,42,445,180,5,10260,9768.8
343,Beverages,Packaged Juice,1L,120,2025-06-12,2025-12-09,Ambient,0.2,Van,75,528.84,5,0,4,8,338,100,15,10200,9603.56
344,Staples,Coffee Powder,200g,180,2025-06-16,2026-06-16,Ambient,0.44,Truck,190,1932.33,1,1,7,45,472,105,0,18900,16759.99
345,Bakery,Khari Puff (Packed),200g,80,2025-02-16,2025-04-17,Ambient,0.13,Bike,102,302.88,6,0,7,11,390,24,5,1824,1470.42
346,Beverages,Energy Drink,250ml,125,2025-02-04,2026-02-04,Ambient,0.37,Truck,102,1167.69,6,2,1,38,484,144,10,16200,14853.23
347,Dairy,Paneer (packed),200g,85,2025-06-10,2025-06-20,Refrigerated,1.78,Bike,192,520.69,1,2,6,5,148,211,10,16141.5,15357.37
348,Beverages,Soft Drink,750ml,40,2025-03-01,2025-08-28,Ambient,0.45,Cold Storage Truck,158,1840.87,5,2,2,3,415,233,10,8388,6360.38
349,Beverages,Coconut Water (Packed),200ml,40,2025-01-11,2025-03-12,Ambient,0.45,Truck,96,866.11,4,1,2,25,430,187,5,7106,6046.39
350,Dairy,Ghee (Packed),500ml,300,2025-07-12,2026-07-12,Ambient,0.32,Bike,70,149.13,2,2,3,5,303,63,0,18900,18653.91
351,Beverages,Bottled Water,1L,20,2025-06-14,2026-06-14,Ambient,0.14,Truck,184,1804.45,3,0,8,30,428,197,10,3546,1681.63
352,Snacks,Trail Mix (Dry Fruits),200g,180,2025-03-13,2026-03-13,Ambient,0.49,Van,16,105.12,5,2,5,12,457,183,0,32940,32610.95
353,Snacks,Packaged Namkeen (Mixture),200g,60,2025-03-27,2025-12-22,Ambient,0.36,Bike,147,563.04,4,1,1,8,153,229,5,13053,12434.88
354,Dairy,Cheese Slices,200g,130,2025-05-31,2025-11-27,Refrigerated,2.48,Bike,11,35.5,2,2,2,40,414,278,10,32526,31463.78
355,Dairy,Milk Powder,500g,250,2025-04-14,2026-04-14,Ambient,0.49,Cold Storage Truck,165,2143.44,4,2,1,9,57,120,15,25500,23328.63
356,Dairy,Cheese Slices,200g,130,2025-03-13,2025-09-09,Refrigerated,1.28,Cold Storage Truck,114,1187.57,3,1,6,8,81,156,15,17238,15946.75
357,Snacks,Cookies (Digestive),250g,60,2025-07-13,2026-04-09,Ambient,0.23,Bike,133,377.12,5,1,9,23,424,40,5,2280,1805.36
358,Frozen,French Fries,1kg,220,2025-04-10,2026-04-10,Frozen,0.91,Cold Storage Truck,106,1579.28,3,0,5,34,108,266,15,49742,48064.44
359,Frozen,Frozen Sweet Corn,500g,110,2025-01-24,2026-01-24,Frozen,1.9,Van,101,513.9,6,0,10,2,453,173,5,18078.5,16703.9
360,Bakery,Donuts (Packed),120g,60,2025-01-07,2025-01-12,Ambient,0.49,Van,13,96.94,4,0,1,9,483,153,10,8262,7928.39
361,Beverages,Lassi (Sweet),200ml,30,2025-04-07,2025-05-07,Refrigerated,1.68,Bike,179,591.3,6,2,3,11,262,235,5,6697.5,5666.04
362,Beverages,Cold Coffee (Can),180ml,45,2025-05-18,2025-09-15,Ambient,0.45,Cold Storage Truck,34,369.54,2,1,3,13,326,175,15,6693.75,6177.51
363,Frozen,Ice Cream (Family Pack),1L,250,2025-02-18,2025-11-15,Frozen,2.3,Truck,167,1430.84,6,0,10,17,90,94,0,23500,21862.16
364,Dairy,Ghee (Packed),500ml,300,2025-04-06,2026-04-06,Ambient,0.44,Truck,143,1626.62,2,1,3,48,396,231,0,69300,67499.14
365,Snacks,Packaged Namkeen (Mixture),200g,60,2025-05-07,2026-02-01,Ambient,0.23,Cold Storage Truck,160,2145.34,1,2,2,50,250,167,15,8517,6314.16
366,Beverages,Lassi (Sweet),200ml,30,2025-04-30,2025-05-30,Refrigerated,1.2,Cold Storage Truck,195,2281.87,5,2,6,5,491,162,10,4374,1502.93
367,Beverages,Cold Coffee (Can),180ml,45,2025-03-05,2025-07-03,Ambient,0.41,Bike,185,611.67,3,0,10,31,191,58,0,2610,1920.02
368,Beverages,Cold Coffee (Can),180ml,45,2025-06-07,2025-10-05,Ambient,0.46,Bike,119,453.91,3,2,2,15,300,238,10,9639,9047.09
369,Staples,Wheat Flour (Atta),5kg,250,2025-06-25,2025-12-22,Ambient,0.26,Cold Storage Truck,50,615.09,3,1,4,14,149,209,10,47025,46371.17
370,Bakery,Khari Puff (Packed),200g,80,2025-06-26,2025-08-25,Ambient,0.42,Van,88,444.75,6,2,2,7,473,289,5,21964,21320.59
371,Bakery,Rusk / Toast Biscuits,200g,50,2025-01-26,2025-07-25,Ambient,0.15,Cold Storage Truck,87,1293.16,4,0,4,28,436,294,0,14700,13341.44
372,Staples,Moong Dal,1kg,130,2025-04-19,2026-04-19,Ambient,0.49,Cold Storage Truck,67,857.33,3,2,9,49,173,140,15,15470,14527.9
373,Snacks,Popcorn (Microwave Pack),100g,40,2025-03-11,2025-12-06,Ambient,0.28,Truck,124,1341.03,1,1,3,13,366,183,15,6222,4778.49
374,Frozen,Ready-to-eat Pizza,400g,150,2025-04-20,2026-04-20,Frozen,0.62,Truck,165,1629.39,5,2,1,42,138,161,10,21735,20020.05
375,Dairy,Yogurt (cups),100g,25,2025-03-12,2025-03-27,Refrigerated,1.07,Bike,82,285.88,2,0,5,50,245,87,15,1848.75,1300.72
376,Frozen,French Fries,1kg,220,2025-04-27,2026-04-27,Frozen,1.33,Cold Storage Truck,90,1301.54,5,1,7,19,176,274,10,54252,52716.38
377,Dairy,Paneer (packed),200g,85,2025-02-16,2025-02-26,Refrigerated,2.49,Van,162,1018.58,2,0,6,37,316,83,5,6702.25,4896.83
378,Beverages,Coconut Water (Packed),200ml,40,2025-04-27,2025-06-26,Ambient,0.31,Van,73,420.26,5,0,3,6,406,191,0,7640,7093.88
379,Snacks,Cookies (Digestive),250g,60,2025-01-06,2025-10-03,Ambient,0.31,Bike,141,470.71,5,2,4,7,265,84,15,4284,3731.14
380,Dairy,Ghee (Packed),500ml,300,2025-01-25,2026-01-25,Ambient,0.27,Cold Storage Truck,80,1164.27,1,2,6,31,223,66,10,17820,16595.52
381,Bakery,Croissant (Packed),60g,35,2025-01-26,2025-02-02,Ambient,0.46,Bike,97,227.09,1,0,6,27,70,57,15,1695.75,1436.46
382,Snacks,Chocolate Bar,40g,40,2025-06-10,2026-03-07,Ambient,0.36,Bike,59,178.46,4,0,1,20,77,279,5,10602,10395.82
383,Dairy,Probiotic Drink,65ml x 5 pack,80,2025-05-10,2025-06-09,Refrigerated,2.93,Truck,198,1799.08,6,1,9,41,396,276,15,18768,15808.64
384,Bakery,Croissant (Packed),60g,35,2025-06-29,2025-07-06,Ambient,0.46,Bike,149,309.85,3,1,4,24,311,237,10,7465.5,7012.59
385,Staples,Tea Powder,250g,150,2025-07-01,2026-07-01,Ambient,0.49,Van,97,622.63,5,0,1,27,404,161,10,21735,20914.41
386,Snacks,Chocolate Bar,40g,40,2025-03-25,2025-12-20,Ambient,0.31,Bike,53,106.81,4,0,9,17,239,155,10,5580,5399.1
387,Bakery,Rusk / Toast Biscuits,200g,50,2025-02-14,2025-08-13,Ambient,0.24,Truck,89,868.12,6,1,4,36,241,125,10,5625,4699.04
388,Bakery,Bread (White),400g,35,2025-01-29,2025-02-03,Ambient,0.21,Truck,92,768.05,5,2,3,28,90,36,15,1071,284.05
389,Staples,Tea Powder,250g,150,2025-04-02,2026-04-02,Ambient,0.45,Cold Storage Truck,187,2687.4,6,2,9,48,446,211,10,28485,25596.9
390,Dairy,Yogurt (cups),100g,25,2025-07-04,2025-07-19,Refrigerated,1.63,Truck,131,1191.96,3,0,5,23,50,187,15,3973.75,2700.29
391,Dairy,Probiotic Drink,65ml x 5 pack,80,2025-04-09,2025-05-09,Refrigerated,2.29,Cold Storage Truck,16,213.97,4,1,9,1,466,109,10,7848,6566.89
392,Dairy,Cheese Slices,200g,130,2025-05-04,2025-10-31,Refrigerated,2.3,Van,157,1084.75,1,2,1,13,392,177,0,23010,21023.65
393,Frozen,Frozen Samosa,500g,150,2025-01-03,2026-01-03,Frozen,2.68,Van,150,801.52,2,0,3,25,210,146,15,18615,17250.68
394,Frozen,Frozen Samosa,500g,150,2025-03-11,2026-03-11,Frozen,0.8,Cold Storage Truck,160,2039.67,2,2,4,34,162,244,15,31110,28940.73
395,Snacks,Popcorn (Microwave Pack),100g,40,2025-07-20,2026-04-16,Ambient,0.24,Truck,171,1650.27,2,2,3,28,334,124,5,4712,2981.57
396,Beverages,Packaged Juice,1L,120,2025-03-25,2025-09-21,Ambient,0.34,Van,14,91.09,1,2,4,8,100,137,0,16440,16314.91
397,Staples,Tea Powder,250g,150,2025-07-20,2026-07-20,Ambient,0.45,Truck,88,928.53,6,2,5,46,166,21,0,3150,2146.77
398,Snacks,Cookies (Digestive),250g,60,2025-06-27,2026-03-24,Ambient,0.31,Truck,44,496.32,3,0,10,20,474,287,10,15498,14854.74
399,Bakery,Bread (Brown),400g,45,2025-01-21,2025-01-26,Ambient,0.13,Truck,105,891.66,1,2,9,34,98,146,10,5913,5008.6
400,Dairy,Condensed Milk,400g,120,2025-01-13,2026-01-13,Ambient,0.43,Cold Storage Truck,42,597.58,4,2,1,11,487,126,5,14364,13557.01
401,Snacks,Biscuits,120g,35,2025-01-31,2025-10-28,Ambient,0.13,Cold Storage Truck,77,887.93,4,1,9,25,171,49,15,1457.75,547.59
402,Beverages,Coconut Water (Packed),200ml,40,2025-07-15,2025-09-13,Ambient,0.25,Cold Storage Truck,199,2843.27,3,1,4,20,384,60,10,2160,-779.27
403,Frozen,Ice Cream (Family Pack),1L,250,2025-03-07,2025-12-02,Frozen,1.43,Van,122,868.24,4,0,2,31,466,186,5,44175,42640.38
404,Staples,Salt (Iodized),1kg,25,2025-03-06,2027-03-06,Ambient,0.36,Van,169,1296.28,3,0,10,24,242,66,15,1402.5,19.1
405,Snacks,Potato Chips,52g,20,2025-01-24,2025-07-23,Ambient,0.31,Bike,150,491.07,1,0,3,25,476,145,10,2610,1971.37
406,Dairy,Milk Powder,500g,250,2025-01-24,2026-01-24,Ambient,0.37,Bike,73,223.54,4,1,4,45,225,135,15,28687.5,28380.71
407,Dairy,Probiotic Drink,65ml x 5 pack,80,2025-02-08,2025-03-10,Refrigerated,1.64,Van,136,748.28,5,1,8,20,483,86,10,6192,4651.6
408,Staples,Cooking Oil (Sunflower),1L,170,2025-06-25,2026-06-25,Ambient,0.12,Cold Storage Truck,111,1325.33,6,2,3,36,283,70,5,11305,9945.71
409,Staples,Sugar,1kg,45,2025-06-30,2027-06-30,Ambient,0.16,Van,34,183.26,2,0,3,13,171,144,0,6480,6269.38
410,Frozen,Frozen Samosa,500g,150,2025-06-01,2026-06-01,Frozen,1.69,Van,138,939.62,6,0,7,42,250,96,10,12960,11597.88
411,Snacks,Biscuits,120g,35,2025-01-21,2025-10-18,Ambient,0.25,Truck,26,264.31,6,0,5,3,214,181,0,6335,6017.19
412,Dairy,Yogurt (cups),100g,25,2025-02-06,2025-02-21,Refrigerated,2.58,Truck,183,1724.73,2,0,2,23,403,128,10,2880,115.53
413,Frozen,French Fries,1kg,220,2025-06-23,2026-06-23,Frozen,1.77,Bike,131,332.8,4,2,5,40,349,158,10,31284,30333.47
414,Dairy,Milk Powder,500g,250,2025-03-18,2026-03-18,Ambient,0.17,Bike,195,444.29,3,2,1,26,446,130,5,30875,30354.89
415,Staples,Wheat Flour (Atta),5kg,250,2025-05-15,2025-11-11,Ambient,0.41,Cold Storage Truck,103,1483.36,2,2,4,35,153,233,0,58250,56703.91
416,Beverages,Green Tea (Tetrapack),250ml,45,2025-06-10,2025-12-07,Ambient,0.18,Cold Storage Truck,89,955.85,4,1,5,3,54,164,0,7380,6414.43
417,Frozen,Ice Cream (Family Pack),1L,250,2025-06-24,2026-03-21,Frozen,1.07,Truck,68,705.3,5,2,4,37,403,286,5,67925,66788.49
418,Beverages,Soft Drink,750ml,40,2025-01-12,2025-07-11,Ambient,0.45,Truck,153,1680.47,1,1,8,31,54,203,15,6902,5197.23
419,Beverages,Cold Coffee (Can),180ml,45,2025-04-02,2025-07-31,Ambient,0.11,Van,74,403.03,4,1,4,9,196,173,15,6617.25,6192.66
420,Dairy,Condensed Milk,400g,120,2025-05-12,2026-05-12,Ambient,0.34,Bike,106,322.76,3,2,9,18,495,235,10,25380,24888.94
421,Staples,Toor Dal,1kg,140,2025-06-19,2026-06-19,Ambient,0.47,Van,183,1406.05,3,2,1,39,268,101,15,12019,10486.99
422,Dairy,Condensed Milk,400g,120,2025-01-19,2026-01-19,Ambient,0.41,Bike,8,28.91,1,0,1,39,212,67,10,7236,7120.17
423,Bakery,Bread (White),400g,35,2025-02-18,2025-02-23,Ambient,0.28,Truck,117,1075.67,6,2,4,27,377,166,10,5229,4047.77
424,Snacks,Packaged Namkeen (Mixture),200g,60,2025-03-19,2025-12-14,Ambient,0.28,Bike,17,67.03,6,0,4,25,238,227,5,12939,12805.33
425,Bakery,Rusk / Toast Biscuits,200g,50,2025-03-27,2025-09-23,Ambient,0.11,Cold Storage Truck,71,955.85,4,1,2,20,347,145,0,7250,6255.98
426,Staples,Toor Dal,1kg,140,2025-03-30,2026-03-30,Ambient,0.23,Truck,39,344.87,3,2,9,27,106,241,10,30366,29996.75
427,Frozen,Frozen Sweet Corn,500g,110,2025-01-13,2026-01-13,Frozen,1,Cold Storage Truck,30,424.27,3,0,1,14,376,49,10,4851,4050.73
428,Bakery,Rusk / Toast Biscuits,200g,50,2025-03-08,2025-09-04,Ambient,0.24,Van,41,296.08,5,0,10,18,86,160,15,6800,6483.28
429,Frozen,French Fries,1kg,220,2025-04-16,2026-04-16,Frozen,2.42,Truck,168,1814.42,1,1,4,12,240,123,10,24354,21958.78
430,Dairy,Flavored Milk,200ml,35,2025-01-09,2025-05-09,Ambient,0.13,Truck,132,1418.95,3,1,7,33,407,94,10,2961,1489.14
431,Snacks,Trail Mix (Dry Fruits),200g,180,2025-04-06,2026-04-06,Ambient,0.42,Bike,177,601.01,3,1,9,17,94,80,10,12960,12319.51
432,Staples,Rice (Basmati),5kg,550,2025-03-13,2026-03-13,Ambient,0.22,Truck,172,1453.7,6,1,8,32,211,253,15,118277.5,116777.38
433,Dairy,Cream,200ml,70,2025-01-17,2025-05-17,Refrigerated,0.68,Van,17,119.01,6,2,8,18,464,234,5,15561,15126.47
434,Dairy,Milk Powder,500g,250,2025-05-19,2026-05-19,Ambient,0.46,Cold Storage Truck,57,810.04,5,0,5,34,450,252,5,59850,58832.96
435,Staples,Cooking Oil (Sunflower),1L,170,2025-03-01,2026-03-01,Ambient,0.34,Bike,57,161.44,1,2,10,1,330,233,10,35649,35375.36
436,Snacks,Cookies (Digestive),250g,60,2025-01-12,2025-10-09,Ambient,0.3,Truck,194,1904.26,2,1,2,38,103,71,15,3621,1685.84
437,Dairy,Butter,100g,55,2025-02-23,2025-08-22,Refrigerated,1.66,Truck,114,1287.08,4,0,9,3,457,41,5,2142.25,96.55
438,Staples,Wheat Flour (Atta),5kg,250,2025-03-30,2025-09-26,Ambient,0.47,Truck,12,109.03,3,0,4,2,168,267,5,63412.5,63224.51
439,Bakery,Croissant (Packed),60g,35,2025-04-06,2025-04-13,Ambient,0.4,Truck,83,698.11,6,1,5,25,290,173,5,5752.25,4938.14
440,Snacks,Chocolate Bar,40g,40,2025-01-26,2025-10-23,Ambient,0.46,Truck,92,1044.88,3,0,9,48,474,176,15,5984,4721.08
441,Beverages,Lassi (Sweet),200ml,30,2025-01-15,2025-02-14,Refrigerated,1.4,Cold Storage Truck,151,1936.56,3,0,7,5,211,119,5,3391.5,1159.54
442,Snacks,Packaged Namkeen (Mixture),200g,60,2025-01-12,2025-10-09,Ambient,0.27,Cold Storage Truck,116,1703.07,2,0,1,4,228,205,10,11070,9305.37
443,Snacks,Chocolate Bar,40g,40,2025-02-26,2025-11-23,Ambient,0.26,Truck,124,1327.22,5,2,7,23,224,42,0,1680,294.54
444,Bakery,Bread (Brown),400g,45,2025-05-02,2025-05-07,Ambient,0.37,Van,165,962.83,1,1,3,21,60,292,15,11169,10183.97
445,Frozen,Frozen Sweet Corn,500g,110,2025-04-17,2026-04-17,Frozen,1.17,Cold Storage Truck,88,1224,4,0,9,31,189,120,5,12540,11094.87
446,Frozen,Ready-to-eat Pizza,400g,150,2025-01-30,2026-01-30,Frozen,1.69,Van,150,1035.49,4,2,5,11,276,255,0,38250,36748.07
447,Staples,Salt (Iodized),1kg,25,2025-02-08,2027-02-08,Ambient,0.41,Bike,145,410.58,1,1,4,11,435,35,0,875,286.07
448,Snacks,Potato Chips,52g,20,2025-03-24,2025-09-20,Ambient,0.29,Bike,188,619.54,5,0,7,42,149,128,10,2304,1641.25
449,Snacks,Packaged Namkeen (Mixture),200g,60,2025-05-21,2026-02-15,Ambient,0.22,Bike,12,39.64,6,0,7,40,323,22,15,1122,1011.3
450,Snacks,Muesli Bar,30g,25,2025-01-03,2025-07-02,Ambient,0.37,Truck,58,510.22,3,2,10,8,405,40,15,850,189.93
451,Bakery,Packaged Cake,180g,80,2025-03-26,2025-06-24,Ambient,0.37,Truck,53,447.64,5,1,6,16,187,72,15,4896,4379.17
452,Bakery,Bread (Brown),400g,45,2025-02-09,2025-02-14,Ambient,0.11,Cold Storage Truck,169,2459.85,1,2,2,8,307,157,10,6358.5,3864.88
453,Dairy,Milk Powder,500g,250,2025-05-01,2026-05-01,Ambient,0.26,Bike,21,80.05,3,0,9,10,421,43,0,10750,10560.49
454,Staples,Tea Powder,250g,150,2025-04-20,2026-04-20,Ambient,0.49,Truck,192,1841.39,1,1,10,1,370,138,15,17595,15572.31
455,Staples,Moong Dal,1kg,130,2025-05-29,2026-05-29,Ambient,0.44,Van,185,967.39,2,0,9,23,224,241,0,31330,30264.05
456,Beverages,Energy Drink,250ml,125,2025-04-09,2026-04-09,Ambient,0.21,Bike,157,556.77,1,1,10,28,491,26,15,2762.5,2102.62
457,Snacks,Chocolate Bar,40g,40,2025-01-09,2025-10-06,Ambient,0.33,Bike,47,156.32,3,0,4,4,184,247,10,8892,8674.96
458,Beverages,Lassi (Sweet),200ml,30,2025-02-20,2025-03-22,Refrigerated,1.87,Cold Storage Truck,12,166.99,3,2,1,44,266,64,5,1824,1159.59
459,Staples,Coffee Powder,200g,180,2025-06-18,2026-06-18,Ambient,0.38,Bike,161,401.41,4,2,6,9,461,224,10,36288,35711.41
460,Bakery,Buns & Rolls,200g,25,2025-04-25,2025-04-30,Ambient,0.37,Cold Storage Truck,8,118.31,4,1,6,37,442,138,0,3450,3168.15
461,Staples,Moong Dal,1kg,130,2025-03-17,2026-03-17,Ambient,0.36,Bike,36,77.44,2,2,6,32,282,36,10,4212,4033.04
462,Staples,Tea Powder,250g,150,2025-05-30,2026-05-30,Ambient,0.16,Bike,30,110.83,5,2,1,24,350,286,0,42900,42733.17
463,Staples,Rice (Basmati),5kg,550,2025-01-30,2026-01-30,Ambient,0.17,Truck,69,647.27,6,0,8,25,101,121,15,56567.5,55903.06
464,Snacks,Potato Chips,52g,20,2025-05-06,2025-11-02,Ambient,0.46,Van,178,923.22,4,0,3,37,290,24,15,408,-648.62
465,Staples,Masala Powder (Packed),100g,60,2025-02-06,2026-02-06,Ambient,0.28,Truck,58,560.43,5,1,7,35,471,245,10,13230,12537.69
466,Snacks,Instant Noodles,70g,15,2025-01-01,2025-09-28,Ambient,0.37,Bike,138,351.82,2,1,9,10,135,229,5,3263.25,2861.48
467,Staples,Cooking Oil (Sunflower),1L,170,2025-06-22,2026-06-22,Ambient,0.27,Cold Storage Truck,7,75.8,5,2,1,1,142,27,15,3901.5,3787.36
468,Beverages,Green Tea (Tetrapack),250ml,45,2025-07-04,2025-12-31,Ambient,0.37,Van,79,582.97,6,0,7,1,60,175,15,6693.75,6088.58
469,Snacks,Chocolate Bar,40g,40,2025-02-26,2025-11-23,Ambient,0.18,Bike,103,308.64,6,0,10,20,233,206,5,7828,7477.42
470,Beverages,Bottled Water,1L,20,2025-04-27,2026-04-27,Ambient,0.19,Cold Storage Truck,105,1279.42,4,2,1,41,68,173,5,3287,1994.66
471,Frozen,Ice Cream (Family Pack),1L,250,2025-07-20,2026-04-16,Frozen,2.33,Truck,129,1518.95,2,1,9,35,156,264,15,56100,54217.57
472,Beverages,Packaged Juice,1L,120,2025-06-04,2025-12-01,Ambient,0.4,Bike,145,537.72,3,2,3,31,401,113,0,13560,12861.88
473,Snacks,Instant Noodles,70g,15,2025-04-30,2026-01-25,Ambient,0.41,Truck,88,902.91,4,0,8,19,391,112,5,1596,532.78
474,Dairy,Milk (Tetra Pack),1L,60,2025-06-19,2025-12-16,Ambient,0.43,Bike,40,108.56,5,1,3,10,205,274,10,14796,14599.29
475,Beverages,Energy Drink,250ml,125,2025-03-29,2026-03-29,Ambient,0.23,Bike,70,212.06,5,2,6,33,481,110,5,13062.5,12739.81
476,Frozen,Frozen Peas,500g,120,2025-01-13,2026-01-13,Frozen,0.57,Truck,199,2304.14,1,1,10,50,222,29,15,2958,527.32
477,Frozen,Ready-to-eat Pizza,400g,150,2025-02-25,2026-02-25,Frozen,1.49,Truck,159,1879.28,5,2,5,10,178,179,0,26850,24705.5
478,Frozen,French Fries,1kg,220,2025-01-25,2026-01-25,Frozen,1.43,Truck,152,1674.59,3,1,6,5,212,118,0,25960,23982.25
479,Staples,Wheat Flour (Atta),5kg,250,2025-07-15,2026-01-11,Ambient,0.24,Cold Storage Truck,22,329.17,2,0,2,43,398,200,10,45000,44575.31
480,Dairy,Butter,100g,55,2025-02-26,2025-08-25,Refrigerated,1.1,Truck,62,713.58,2,2,6,5,453,135,10,6682.5,5470.62
481,Dairy,Cheese Slices,200g,130,2025-05-02,2025-10-29,Refrigerated,1.05,Bike,109,267.86,5,0,2,42,242,297,5,36679.5,36157.54
482,Snacks,Popcorn (Microwave Pack),100g,40,2025-05-04,2026-01-29,Ambient,0.48,Cold Storage Truck,143,1832.78,2,2,2,5,198,118,15,4012,2084.18
483,Dairy,Flavored Milk,200ml,35,2025-02-27,2025-06-27,Ambient,0.21,Cold Storage Truck,192,2332.9,5,0,7,26,376,173,15,5146.75,2734.89
484,Bakery,Khari Puff (Packed),200g,80,2025-07-18,2025-09-16,Ambient,0.41,Truck,27,267.44,5,0,7,16,448,261,15,17748,17296.88
485,Frozen,Frozen Samosa,500g,150,2025-06-13,2026-06-13,Frozen,1.14,Van,116,695.38,6,0,4,34,152,65,15,8287.5,7418.84
486,Snacks,Muesli Bar,30g,25,2025-05-01,2025-10-28,Ambient,0.25,Van,126,985.62,3,2,3,26,470,214,10,4815,3711.88
487,Frozen,Ready-to-eat Pizza,400g,150,2025-06-07,2026-06-07,Frozen,1.33,Truck,28,263.49,4,2,10,43,53,200,15,25500,25166.02
488,Snacks,Nachos,150g,90,2025-06-02,2025-11-29,Ambient,0.47,Bike,99,223.32,5,0,3,43,367,188,0,16920,16524.19
489,Dairy,Butter,100g,55,2025-02-12,2025-08-11,Refrigerated,0.65,Truck,74,608.17,6,0,2,24,187,187,10,9256.5,8526.78
490,Dairy,Yogurt (cups),100g,25,2025-06-17,2025-07-02,Refrigerated,1.26,Bike,7,26.36,4,2,1,35,391,57,10,1282.5,763.48
491,Dairy,Butter,100g,55,2025-01-05,2025-07-04,Refrigerated,1.54,Van,145,908.84,5,0,3,23,355,49,5,2560.25,1104.71
492,Beverages,Coconut Water (Packed),200ml,40,2025-03-31,2025-05-30,Ambient,0.2,Truck,183,1596.94,4,2,6,23,431,66,5,2508,824.86
493,Beverages,Energy Drink,250ml,125,2025-03-05,2026-03-05,Ambient,0.19,Truck,26,248.89,3,2,8,10,198,260,15,27625,27338.49
494,Staples,Rice (Basmati),5kg,550,2025-03-07,2026-03-07,Ambient,0.32,Bike,36,84.05,1,2,5,36,304,273,0,150150,149968.67
495,Bakery,Buns & Rolls,200g,25,2025-01-06,2025-01-11,Ambient,0.35,Van,21,142.9,3,0,5,35,485,130,0,3250,2937.35
496,Snacks,Cookies (Digestive),250g,60,2025-03-08,2025-12-03,Ambient,0.32,Cold Storage Truck,69,934.43,2,2,7,30,100,100,0,6000,5033.57
497,Staples,Toor Dal,1kg,140,2025-04-29,2026-04-29,Ambient,0.39,Truck,127,1424.19,6,0,10,44,456,186,0,26040,24437.97
498,Snacks,Popcorn (Microwave Pack),100g,40,2025-02-26,2025-11-23,Ambient,0.21,Bike,173,413.55,4,0,8,47,190,89,5,3382,2928.55
499,Bakery,Croissant (Packed),60g,35,2025-05-23,2025-05-30,Ambient,0.44,Truck,67,740.94,1,0,9,6,417,194,0,6790,5865.58
500,Beverages,Milkshake (Chocolate),200ml,35,2025-06-23,2025-10-21,Ambient,0.25,Cold Storage Truck,19,238.13,2,0,3,4,401,147,15,4373.25,4034.87
